Books	C101833
Books	C112446
Books	C128099
Books	C131221
Books	C153281
Books	C154605
Books	C158902
Books	C159414
Books	C170278
Books	C172858
Books	C186289
Books	C197781
Books	C200628
Books	C201708
Books	C203685
Books	C218130
Books	C224547
Books	C225042
Books	C250539
Books	C259645
Books	C263089
Books	C267561
Books	C268565
Books	C269330
Books	C274879
Books	C288049
Books	C292725
Books	C295981
Books	C295983
Books	C307049
Books	C320595
Books	C330789
Books	C334041
Books	C360950
Books	C530904
Books	C613209
Books	C639739
Books	C664537
Books	C701315
Books	C729080
Books	C746970
Books	C784082
Books	C796695
Books	C802292
Books	C806820
Books	C984274
Clothing	C100725
Clothing	C100822
Clothing	C100894
Clothing	C101253
Clothing	C102047
Clothing	C103691
Clothing	C104421
Clothing	C104658
Clothing	C106356
Clothing	C107516
Clothing	C107766
Clothing	C108716
Clothing	C109394
Clothing	C109524
Clothing	C110489
Clothing	C110606
Clothing	C110898
Clothing	C112686
Clothing	C113407
Clothing	C114875
Clothing	C116595
Clothing	C117442
Clothing	C118250
Clothing	C120248
Clothing	C120394
Clothing	C122800
Clothing	C123447
Clothing	C124294
Clothing	C124315
Clothing	C124760
Clothing	C125546
Clothing	C126172
Clothing	C126227
Clothing	C126461
Clothing	C127052
Clothing	C130214
Clothing	C131112
Clothing	C132258
Clothing	C132855
Clothing	C132927
Clothing	C132959
Clothing	C133603
Clothing	C133615
Clothing	C133853
Clothing	C134585
Clothing	C135917
Clothing	C137407
Clothing	C137952
Clothing	C138727
Clothing	C138998
Clothing	C139738
Clothing	C140203
Clothing	C140369
Clothing	C143282
Clothing	C143604
Clothing	C143689
Clothing	C144618
Clothing	C145779
Clothing	C146175
Clothing	C146415
Clothing	C148192
Clothing	C148505
Clothing	C148741
Clothing	C149613
Clothing	C151765
Clothing	C152178
Clothing	C152611
Clothing	C153444
Clothing	C155047
Clothing	C156294
Clothing	C156491
Clothing	C156671
Clothing	C157764
Clothing	C159484
Clothing	C160244
Clothing	C162277
Clothing	C163639
Clothing	C166145
Clothing	C166218
Clothing	C166352
Clothing	C170520
Clothing	C171005
Clothing	C171367
Clothing	C172426
Clothing	C174967
Clothing	C175331
Clothing	C177744
Clothing	C177781
Clothing	C177938
Clothing	C178203
Clothing	C178530
Clothing	C178796
Clothing	C181413
Clothing	C182689
Clothing	C182855
Clothing	C183077
Clothing	C183735
Clothing	C186617
Clothing	C187346
Clothing	C189448
Clothing	C190004
Clothing	C190059
Clothing	C191881
Clothing	C192203
Clothing	C192271
Clothing	C193534
Clothing	C194073
Clothing	C194810
Clothing	C196082
Clothing	C196916
Clothing	C198238
Clothing	C198936
Clothing	C200111
Clothing	C200322
Clothing	C201326
Clothing	C202016
Clothing	C202776
Clothing	C203151
Clothing	C203276
Clothing	C203910
Clothing	C204101
Clothing	C204401
Clothing	C205287
Clothing	C206539
Clothing	C208613
Clothing	C209922
Clothing	C210171
Clothing	C210803
Clothing	C211121
Clothing	C212118
Clothing	C212130
Clothing	C214511
Clothing	C219375
Clothing	C219911
Clothing	C219931
Clothing	C220729
Clothing	C220749
Clothing	C221669
Clothing	C221684
Clothing	C221756
Clothing	C221829
Clothing	C222093
Clothing	C222731
Clothing	C223968
Clothing	C224132
Clothing	C224238
Clothing	C224350
Clothing	C225449
Clothing	C225911
Clothing	C227998
Clothing	C228103
Clothing	C228235
Clothing	C228402
Clothing	C228894
Clothing	C230616
Clothing	C231066
Clothing	C231435
Clothing	C232697
Clothing	C233469
Clothing	C233979
Clothing	C234956
Clothing	C235730
Clothing	C236697
Clothing	C236968
Clothing	C240568
Clothing	C241159
Clothing	C242567
Clothing	C242751
Clothing	C243662
Clothing	C244455
Clothing	C244494
Clothing	C245681
Clothing	C248024
Clothing	C249455
Clothing	C249753
Clothing	C251707
Clothing	C253129
Clothing	C254066
Clothing	C254823
Clothing	C255044
Clothing	C255302
Clothing	C256210
Clothing	C256225
Clothing	C257388
Clothing	C258121
Clothing	C259019
Clothing	C259421
Clothing	C259573
Clothing	C260098
Clothing	C261210
Clothing	C261522
Clothing	C265786
Clothing	C267564
Clothing	C269012
Clothing	C269857
Clothing	C270426
Clothing	C271265
Clothing	C273115
Clothing	C274690
Clothing	C274948
Clothing	C275268
Clothing	C276326
Clothing	C277308
Clothing	C279473
Clothing	C279476
Clothing	C281168
Clothing	C283060
Clothing	C284032
Clothing	C284341
Clothing	C285910
Clothing	C289579
Clothing	C290607
Clothing	C291640
Clothing	C291704
Clothing	C291722
Clothing	C293221
Clothing	C293586
Clothing	C294094
Clothing	C294285
Clothing	C294414
Clothing	C294849
Clothing	C295709
Clothing	C296028
Clothing	C297159
Clothing	C297835
Clothing	C299051
Clothing	C303567
Clothing	C303633
Clothing	C303866
Clothing	C304575
Clothing	C306324
Clothing	C306395
Clothing	C307256
Clothing	C310310
Clothing	C311751
Clothing	C312240
Clothing	C312248
Clothing	C314164
Clothing	C315610
Clothing	C317053
Clothing	C318866
Clothing	C321089
Clothing	C321304
Clothing	C321681
Clothing	C324213
Clothing	C325757
Clothing	C325975
Clothing	C326550
Clothing	C327646
Clothing	C328715
Clothing	C329268
Clothing	C331534
Clothing	C332732
Clothing	C333527
Clothing	C334187
Clothing	C334488
Clothing	C334657
Clothing	C334931
Clothing	C335133
Clothing	C335490
Clothing	C335561
Clothing	C336118
Clothing	C337566
Clothing	C338530
Clothing	C339484
Clothing	C339586
Clothing	C346260
Clothing	C346646
Clothing	C352599
Clothing	C358337
Clothing	C361050
Clothing	C370941
Clothing	C372768
Clothing	C376961
Clothing	C386790
Clothing	C393443
Clothing	C399834
Clothing	C427813
Clothing	C430259
Clothing	C450271
Clothing	C457443
Clothing	C479843
Clothing	C480298
Clothing	C492919
Clothing	C496622
Clothing	C504870
Clothing	C525444
Clothing	C533457
Clothing	C556749
Clothing	C578973
Clothing	C580162
Clothing	C581213
Clothing	C590158
Clothing	C596131
Clothing	C596477
Clothing	C604278
Clothing	C606591
Clothing	C622332
Clothing	C626314
Clothing	C628388
Clothing	C632255
Clothing	C644120
Clothing	C648422
Clothing	C687327
Clothing	C688903
Clothing	C690667
Clothing	C700823
Clothing	C704201
Clothing	C706928
Clothing	C708853
Clothing	C711240
Clothing	C727775
Clothing	C735749
Clothing	C777969
Clothing	C778532
Clothing	C781336
Clothing	C782719
Clothing	C788570
Clothing	C791052
Clothing	C795927
Clothing	C799583
Clothing	C803152
Clothing	C822536
Clothing	C825929
Clothing	C838428
Clothing	C840574
Clothing	C843939
Clothing	C851456
Clothing	C852186
Clothing	C856835
Clothing	C872480
Clothing	C873775
Clothing	C881570
Clothing	C898866
Clothing	C908227
Clothing	C910511
Clothing	C919606
Clothing	C921479
Clothing	C925215
Clothing	C934489
Clothing	C946398
Clothing	C964477
Clothing	C965391
Clothing	C981168
Clothing	C996110
Cosmetics	C100157
Cosmetics	C105522
Cosmetics	C105984
Cosmetics	C107690
Cosmetics	C109488
Cosmetics	C111109
Cosmetics	C119128
Cosmetics	C119408
Cosmetics	C120816
Cosmetics	C121725
Cosmetics	C124797
Cosmetics	C125961
Cosmetics	C128561
Cosmetics	C129083
Cosmetics	C131492
Cosmetics	C131716
Cosmetics	C133015
Cosmetics	C137833
Cosmetics	C142841
Cosmetics	C143479
Cosmetics	C145201
Cosmetics	C147866
Cosmetics	C147876
Cosmetics	C148173
Cosmetics	C148489
Cosmetics	C148987
Cosmetics	C150922
Cosmetics	C152549
Cosmetics	C152581
Cosmetics	C152742
Cosmetics	C153126
Cosmetics	C153338
Cosmetics	C154370
Cosmetics	C154446
Cosmetics	C155756
Cosmetics	C156510
Cosmetics	C159198
Cosmetics	C159618
Cosmetics	C159981
Cosmetics	C160965
Cosmetics	C163331
Cosmetics	C164987
Cosmetics	C166285
Cosmetics	C166946
Cosmetics	C174510
Cosmetics	C175610
Cosmetics	C178068
Cosmetics	C181629
Cosmetics	C185561
Cosmetics	C185774
Cosmetics	C187902
Cosmetics	C188345
Cosmetics	C191402
Cosmetics	C192159
Cosmetics	C197660
Cosmetics	C200398
Cosmetics	C203559
Cosmetics	C204926
Cosmetics	C205012
Cosmetics	C205585
Cosmetics	C207936
Cosmetics	C211545
Cosmetics	C215267
Cosmetics	C218042
Cosmetics	C218852
Cosmetics	C221615
Cosmetics	C221737
Cosmetics	C226617
Cosmetics	C228509
Cosmetics	C231666
Cosmetics	C232081
Cosmetics	C232082
Cosmetics	C232282
Cosmetics	C232613
Cosmetics	C233821
Cosmetics	C236751
Cosmetics	C241721
Cosmetics	C246299
Cosmetics	C247366
Cosmetics	C248205
Cosmetics	C248844
Cosmetics	C252620
Cosmetics	C253227
Cosmetics	C255353
Cosmetics	C257447
Cosmetics	C258694
Cosmetics	C258802
Cosmetics	C259801
Cosmetics	C264541
Cosmetics	C265565
Cosmetics	C266219
Cosmetics	C269749
Cosmetics	C271792
Cosmetics	C279015
Cosmetics	C279513
Cosmetics	C283087
Cosmetics	C283195
Cosmetics	C286017
Cosmetics	C292999
Cosmetics	C295550
Cosmetics	C296680
Cosmetics	C297687
Cosmetics	C298481
Cosmetics	C299705
Cosmetics	C303319
Cosmetics	C304778
Cosmetics	C305286
Cosmetics	C316917
Cosmetics	C319943
Cosmetics	C320779
Cosmetics	C324027
Cosmetics	C332044
Cosmetics	C333960
Cosmetics	C335474
Cosmetics	C350101
Cosmetics	C356938
Cosmetics	C372158
Cosmetics	C399796
Cosmetics	C408810
Cosmetics	C416091
Cosmetics	C417062
Cosmetics	C422817
Cosmetics	C423619
Cosmetics	C436908
Cosmetics	C473376
Cosmetics	C474740
Cosmetics	C486241
Cosmetics	C498099
Cosmetics	C512053
Cosmetics	C553679
Cosmetics	C593920
Cosmetics	C607160
Cosmetics	C611142
Cosmetics	C616633
Cosmetics	C616684
Cosmetics	C626458
Cosmetics	C629300
Cosmetics	C645766
Cosmetics	C654389
Cosmetics	C672438
Cosmetics	C675820
Cosmetics	C677658
Cosmetics	C694219
Cosmetics	C703044
Cosmetics	C706036
Cosmetics	C714989
Cosmetics	C720163
Cosmetics	C735771
Cosmetics	C741138
Cosmetics	C741450
Cosmetics	C745351
Cosmetics	C750614
Cosmetics	C753411
Cosmetics	C777996
Cosmetics	C800856
Cosmetics	C805162
Cosmetics	C809067
Cosmetics	C809191
Cosmetics	C859812
Cosmetics	C866200
Cosmetics	C880724
Cosmetics	C931195
Cosmetics	C976150
Cosmetics	C977840
Cosmetics	C983775
Cosmetics	C991779
Food & Beverage	C101271
Food & Beverage	C103726
Food & Beverage	C103792
Food & Beverage	C103840
Food & Beverage	C104230
Food & Beverage	C104646
Food & Beverage	C104719
Food & Beverage	C105950
Food & Beverage	C109314
Food & Beverage	C110852
Food & Beverage	C110913
Food & Beverage	C116713
Food & Beverage	C117733
Food & Beverage	C117971
Food & Beverage	C118891
Food & Beverage	C119748
Food & Beverage	C120861
Food & Beverage	C126370
Food & Beverage	C127764
Food & Beverage	C129079
Food & Beverage	C130337
Food & Beverage	C132096
Food & Beverage	C138459
Food & Beverage	C139114
Food & Beverage	C139592
Food & Beverage	C139666
Food & Beverage	C148000
Food & Beverage	C151581
Food & Beverage	C153372
Food & Beverage	C153931
Food & Beverage	C154407
Food & Beverage	C155729
Food & Beverage	C156055
Food & Beverage	C157010
Food & Beverage	C157839
Food & Beverage	C158248
Food & Beverage	C163551
Food & Beverage	C166237
Food & Beverage	C170507
Food & Beverage	C172361
Food & Beverage	C174459
Food & Beverage	C175389
Food & Beverage	C175426
Food & Beverage	C180785
Food & Beverage	C181357
Food & Beverage	C182618
Food & Beverage	C183717
Food & Beverage	C191476
Food & Beverage	C193896
Food & Beverage	C201026
Food & Beverage	C202346
Food & Beverage	C202846
Food & Beverage	C203016
Food & Beverage	C205376
Food & Beverage	C207629
Food & Beverage	C209432
Food & Beverage	C210114
Food & Beverage	C211136
Food & Beverage	C214034
Food & Beverage	C216763
Food & Beverage	C218840
Food & Beverage	C218884
Food & Beverage	C227489
Food & Beverage	C229706
Food & Beverage	C232333
Food & Beverage	C235441
Food & Beverage	C237185
Food & Beverage	C238195
Food & Beverage	C249115
Food & Beverage	C255280
Food & Beverage	C256936
Food & Beverage	C257662
Food & Beverage	C262662
Food & Beverage	C263414
Food & Beverage	C263474
Food & Beverage	C264299
Food & Beverage	C264564
Food & Beverage	C264969
Food & Beverage	C265260
Food & Beverage	C268561
Food & Beverage	C273616
Food & Beverage	C274368
Food & Beverage	C274513
Food & Beverage	C276799
Food & Beverage	C281246
Food & Beverage	C281667
Food & Beverage	C282383
Food & Beverage	C282521
Food & Beverage	C283194
Food & Beverage	C288746
Food & Beverage	C288980
Food & Beverage	C289763
Food & Beverage	C294087
Food & Beverage	C294383
Food & Beverage	C296104
Food & Beverage	C298485
Food & Beverage	C300779
Food & Beverage	C302290
Food & Beverage	C302543
Food & Beverage	C302663
Food & Beverage	C304220
Food & Beverage	C308837
Food & Beverage	C309720
Food & Beverage	C309951
Food & Beverage	C311054
Food & Beverage	C311306
Food & Beverage	C313940
Food & Beverage	C315575
Food & Beverage	C322886
Food & Beverage	C324234
Food & Beverage	C324326
Food & Beverage	C324522
Food & Beverage	C329477
Food & Beverage	C331305
Food & Beverage	C331955
Food & Beverage	C338755
Food & Beverage	C342063
Food & Beverage	C344382
Food & Beverage	C358652
Food & Beverage	C419814
Food & Beverage	C445377
Food & Beverage	C455005
Food & Beverage	C476092
Food & Beverage	C479513
Food & Beverage	C487101
Food & Beverage	C520090
Food & Beverage	C593547
Food & Beverage	C615032
Food & Beverage	C615346
Food & Beverage	C631270
Food & Beverage	C662166
Food & Beverage	C673253
Food & Beverage	C675926
Food & Beverage	C685532
Food & Beverage	C712979
Food & Beverage	C714830
Food & Beverage	C751912
Food & Beverage	C770317
Food & Beverage	C778848
Food & Beverage	C798436
Food & Beverage	C820324
Food & Beverage	C822188
Food & Beverage	C892980
Food & Beverage	C901256
Food & Beverage	C941234
Food & Beverage	C969290
Shoes	C103671
Shoes	C105350
Shoes	C105384
Shoes	C106029
Shoes	C108792
Shoes	C110509
Shoes	C113436
Shoes	C118792
Shoes	C119143
Shoes	C119178
Shoes	C120690
Shoes	C135818
Shoes	C137742
Shoes	C150007
Shoes	C155897
Shoes	C159693
Shoes	C167596
Shoes	C177225
Shoes	C186799
Shoes	C188608
Shoes	C193297
Shoes	C196878
Shoes	C201896
Shoes	C204757
Shoes	C207148
Shoes	C208258
Shoes	C210039
Shoes	C213353
Shoes	C215141
Shoes	C215699
Shoes	C216518
Shoes	C217149
Shoes	C217854
Shoes	C222448
Shoes	C222884
Shoes	C224141
Shoes	C238438
Shoes	C238993
Shoes	C240485
Shoes	C246819
Shoes	C247837
Shoes	C249132
Shoes	C252021
Shoes	C258376
Shoes	C258718
Shoes	C264624
Shoes	C265900
Shoes	C267735
Shoes	C273758
Shoes	C277041
Shoes	C278092
Shoes	C279328
Shoes	C281463
Shoes	C285610
Shoes	C287520
Shoes	C294328
Shoes	C295509
Shoes	C300745
Shoes	C304913
Shoes	C305888
Shoes	C308953
Shoes	C310835
Shoes	C311913
Shoes	C314794
Shoes	C318262
Shoes	C319416
Shoes	C325265
Shoes	C327593
Shoes	C332576
Shoes	C336400
Shoes	C338141
Shoes	C369496
Shoes	C380581
Shoes	C391524
Shoes	C424563
Shoes	C432277
Shoes	C435352
Shoes	C449304
Shoes	C476908
Shoes	C483696
Shoes	C485114
Shoes	C488016
Shoes	C531589
Shoes	C536767
Shoes	C589366
Shoes	C597157
Shoes	C628098
Shoes	C636797
Shoes	C673454
Shoes	C687464
Shoes	C689944
Shoes	C696418
Shoes	C734246
Shoes	C755756
Shoes	C792244
Shoes	C814731
Shoes	C820440
Shoes	C840415
Shoes	C855615
Shoes	C958853
Shoes	C965148
Souvenir	C140372
Souvenir	C148937
Souvenir	C155678
Souvenir	C169449
Souvenir	C174858
Souvenir	C182108
Souvenir	C185168
Souvenir	C185616
Souvenir	C193953
Souvenir	C200650
Souvenir	C204741
Souvenir	C216450
Souvenir	C222810
Souvenir	C224312
Souvenir	C233201
Souvenir	C235042
Souvenir	C247975
Souvenir	C253781
Souvenir	C256451
Souvenir	C263024
Souvenir	C267224
Souvenir	C269751
Souvenir	C291441
Souvenir	C297178
Souvenir	C300022
Souvenir	C304900
Souvenir	C320141
Souvenir	C320246
Souvenir	C322262
Souvenir	C323139
Souvenir	C339052
Souvenir	C339705
Souvenir	C405024
Souvenir	C441209
Souvenir	C448474
Souvenir	C481855
Souvenir	C580669
Souvenir	C632579
Souvenir	C746946
Souvenir	C808518
Souvenir	C850567
Souvenir	C857522
Souvenir	C857656
Souvenir	C870609
Souvenir	C932668
Souvenir	C983589
Technology	C128813
Technology	C131909
Technology	C138461
Technology	C150821
Technology	C153629
Technology	C158579
Technology	C172759
Technology	C174527
Technology	C176886
Technology	C177913
Technology	C182258
Technology	C183672
Technology	C183889
Technology	C186879
Technology	C195424
Technology	C198133
Technology	C208186
Technology	C218596
Technology	C223731
Technology	C223850
Technology	C233732
Technology	C234672
Technology	C258005
Technology	C260854
Technology	C266478
Technology	C269117
Technology	C270308
Technology	C276486
Technology	C278524
Technology	C282252
Technology	C282421
Technology	C282784
Technology	C289976
Technology	C299144
Technology	C326632
Technology	C329470
Technology	C339679
Technology	C339730
Technology	C364605
Technology	C396339
Technology	C527547
Technology	C661696
Technology	C703854
Technology	C715595
Technology	C734492
Technology	C785073
Technology	C819215
Technology	C919146
Technology	C922102
Technology	C949801
Technology	C970891
Technology	C972660
Technology	C976316
Technology	C989693
Toys	C109325
Toys	C114040
Toys	C114129
Toys	C124766
Toys	C127140
Toys	C128276
Toys	C129041
Toys	C131757
Toys	C134304
Toys	C136928
Toys	C140681
Toys	C144582
Toys	C147272
Toys	C162100
Toys	C163107
Toys	C166297
Toys	C166739
Toys	C168311
Toys	C172677
Toys	C178388
Toys	C179809
Toys	C183652
Toys	C184327
Toys	C185467
Toys	C185823
Toys	C186608
Toys	C188136
Toys	C188717
Toys	C189222
Toys	C190480
Toys	C202498
Toys	C202660
Toys	C203776
Toys	C207665
Toys	C211476
Toys	C211573
Toys	C216047
Toys	C217293
Toys	C222816
Toys	C228047
Toys	C231610
Toys	C235586
Toys	C254360
Toys	C264017
Toys	C265142
Toys	C265485
Toys	C266205
Toys	C274227
Toys	C274251
Toys	C274619
Toys	C276052
Toys	C279492
Toys	C281091
Toys	C283508
Toys	C285499
Toys	C285727
Toys	C285966
Toys	C286948
Toys	C288417
Toys	C290597
Toys	C290813
Toys	C296951
Toys	C309233
Toys	C312827
Toys	C313053
Toys	C316795
Toys	C326380
Toys	C327233
Toys	C332799
Toys	C334319
Toys	C334397
Toys	C347518
Toys	C387635
Toys	C432820
Toys	C439725
Toys	C451222
Toys	C451554
Toys	C487830
Toys	C494223
Toys	C501563
Toys	C507968
Toys	C545715
Toys	C572042
Toys	C572783
Toys	C644797
Toys	C663154
Toys	C755473
Toys	C755514
Toys	C795734
Toys	C835798
Toys	C839622
Toys	C845023
Toys	C887071
Toys	C892143
Toys	C961022
Toys	C992128
